{"81.180.250.190": {"1h": {"81.180.250.190": 1.0, "192.129.4.1": 0.2857142857142857}, "6h": {"81.180.250.190": 1.0, "192.129.4.1": 0.2857142857142857}}, "192.129.4.1": {"1h": {"81.180.250.190": 1.0, "192.129.4.1": 0.2857142857142857}, "6h": {"81.180.250.190": 1.0, "192.129.4.1": 0.2857142857142857}}}