{"2620:0:ccc::2": {"1h": {"2620:0:ccc::2": 1.0, "2001:4860:4860::8888": 1.0, "8.8.8.8": 0.8571428571428571}, "6h": {"2620:0:ccc::2": 1.0, "2001:4860:4860::8888": 1.0, "8.8.8.8": 0.8571428571428571}}, "2001:4860:4860::8888": {"1h": {"2620:0:ccc::2": 1.0, "2001:4860:4860::8888": 1.0, "8.8.8.8": 0.8571428571428571}, "6h": {"2620:0:ccc::2": 1.0, "2001:4860:4860::8888": 1.0, "8.8.8.8": 0.8571428571428571}}, "8.8.8.8": {"1h": {"2620:0:ccc::2": 1.0, "2001:4860:4860::8888": 1.0, "8.8.8.8": 0.8571428571428571}, "6h": {"2620:0:ccc::2": 1.0, "2001:4860:4860::8888": 1.0, "8.8.8.8": 0.8571428571428571}}}