{"fe80::1a1e:78ff:fe3e:8fcc": {"1h": {"fe80::1a1e:78ff:fe3e:8fcc": 0.0, "192.168.1.1": 0.8571428571428571}, "6h": {"fe80::1a1e:78ff:fe3e:8fcc": 0.0, "192.168.1.1": 0.8571428571428571}}, "192.168.1.1": {"1h": {"fe80::1a1e:78ff:fe3e:8fcc": 0.0, "192.168.1.1": 0.8571428571428571}, "6h": {"fe80::1a1e:78ff:fe3e:8fcc": 0.0, "192.168.1.1": 0.8571428571428571}}}