{"2a01:e00::1": {"1h": {"2a01:e00::1": 1.0, "2a01:e00::2": 1.0, "192.168.1.1": 0.8333333333333334}, "6h": {"2a01:e00::1": 1.0, "2a01:e00::2": 1.0, "192.168.1.1": 0.8333333333333334}}, "2a01:e00::2": {"1h": {"2a01:e00::1": 1.0, "2a01:e00::2": 1.0, "192.168.1.1": 0.8333333333333334}, "6h": {"2a01:e00::1": 1.0, "2a01:e00::2": 1.0, "192.168.1.1": 0.8333333333333334}}, "192.168.1.1": {"1h": {"2a01:e00::1": 1.0, "2a01:e00::2": 1.0, "192.168.1.1": 0.8333333333333334}, "6h": {"2a01:e00::1": 1.0, "2a01:e00::2": 1.0, "192.168.1.1": 0.8333333333333334}}}