{"2406:6200::11": {"1h": {"2406:6200::11": 0.0, "202.6.233.11": 0.6666666666666666, "2406:6200::22": 0.0}, "6h": {"2406:6200::11": 0.0, "202.6.233.11": 0.6666666666666666, "2406:6200::22": 0.0}}, "202.6.233.11": {"1h": {"2406:6200::11": 0.0, "202.6.233.11": 0.6666666666666666, "2406:6200::22": 0.0}, "6h": {"2406:6200::11": 0.0, "202.6.233.11": 0.6666666666666666, "2406:6200::22": 0.0}}, "2406:6200::22": {"1h": {"2406:6200::11": 0.0, "202.6.233.11": 0.6666666666666666, "2406:6200::22": 0.0}, "6h": {"2406:6200::11": 0.0, "202.6.233.11": 0.6666666666666666, "2406:6200::22": 0.0}}}