{"210.198.22.7": {"1h": {"210.198.22.7": 1.0, "210.198.22.6": 0.8571428571428571}, "6h": {"210.198.22.7": 1.0, "210.198.22.6": 0.8571428571428571}}, "210.198.22.6": {"1h": {"210.198.22.7": 1.0, "210.198.22.6": 0.8571428571428571}, "6h": {"210.198.22.7": 1.0, "210.198.22.6": 0.8571428571428571}}}