{"10.2.5.1": {"1h": {"10.2.5.1": 1.0, "62.152.51.2": 0.8571428571428571}, "6h": {"10.2.5.1": 1.0, "62.152.51.2": 0.8571428571428571}}, "62.152.51.2": {"1h": {"10.2.5.1": 1.0, "62.152.51.2": 0.8571428571428571}, "6h": {"10.2.5.1": 1.0, "62.152.51.2": 0.8571428571428571}}}