{"8.8.8.8": {"1h": {"8.8.8.8": 0.8888888888888888, "8.8.4.4": 1.0}, "6h": {"8.8.8.8": 0.8888888888888888, "8.8.4.4": 1.0}}, "8.8.4.4": {"1h": {"8.8.8.8": 0.8888888888888888, "8.8.4.4": 1.0}, "6h": {"8.8.8.8": 0.8888888888888888, "8.8.4.4": 1.0}}}