{"2a02:fe0:1:2:1:0:1:110": {"1h": {"2a02:fe0:1:2:1:0:1:110": 0.5714285714285714, "8.8.8.8": 1.0, "8.8.4.4": 1.0}, "6h": {"2a02:fe0:1:2:1:0:1:110": 0.5714285714285714, "8.8.8.8": 1.0, "8.8.4.4": 1.0}}, "8.8.8.8": {"1h": {"2a02:fe0:1:2:1:0:1:110": 0.5714285714285714, "8.8.8.8": 1.0, "8.8.4.4": 1.0}, "6h": {"2a02:fe0:1:2:1:0:1:110": 0.5714285714285714, "8.8.8.8": 1.0, "8.8.4.4": 1.0}}, "8.8.4.4": {"1h": {"2a02:fe0:1:2:1:0:1:110": 0.5714285714285714, "8.8.8.8": 1.0, "8.8.4.4": 1.0}, "6h": {"2a02:fe0:1:2:1:0:1:110": 0.5714285714285714, "8.8.8.8": 1.0, "8.8.4.4": 1.0}}}