{"2001:4860:4860::8844": {"1h": {"2001:4860:4860::8844": 0.8333333333333334, "2001:4860:4860::8888": 1.0, "8.8.8.8": 1.0}, "6h": {"2001:4860:4860::8844": 0.8333333333333334, "2001:4860:4860::8888": 1.0, "8.8.8.8": 1.0}}, "2001:4860:4860::8888": {"1h": {"2001:4860:4860::8844": 0.8333333333333334, "2001:4860:4860::8888": 1.0, "8.8.8.8": 1.0}, "6h": {"2001:4860:4860::8844": 0.8333333333333334, "2001:4860:4860::8888": 1.0, "8.8.8.8": 1.0}}, "8.8.8.8": {"1h": {"2001:4860:4860::8844": 0.8333333333333334, "2001:4860:4860::8888": 1.0, "8.8.8.8": 1.0}, "6h": {"2001:4860:4860::8844": 0.8333333333333334, "2001:4860:4860::8888": 1.0, "8.8.8.8": 1.0}}}