{"10.1.10.1": {"1h": {"10.1.10.1": 0.8571428571428571, "2601:c0:c001:3ab0::1": 0.8571428571428571}, "6h": {"10.1.10.1": 0.8571428571428571, "2601:c0:c001:3ab0::1": 0.8571428571428571}}, "2601:c0:c001:3ab0::1": {"1h": {"10.1.10.1": 0.8571428571428571, "2601:c0:c001:3ab0::1": 0.8571428571428571}, "6h": {"10.1.10.1": 0.8571428571428571, "2601:c0:c001:3ab0::1": 0.8571428571428571}}}