{"2a03:2260:a:b::1": {"6h": {"185.66.194.10": 1.0, "185.66.194.8": 1.0, "2a03:2260:a:b::3": 0.8333333333333334}}, "185.66.194.10": {"1h": {"185.66.194.10": 1.0, "185.66.194.8": 1.0, "2a03:2260:a:b::3": 0.8333333333333334}, "6h": {"185.66.194.10": 1.0, "185.66.194.8": 1.0, "2a03:2260:a:b::3": 0.8333333333333334}}, "185.66.194.8": {"1h": {"185.66.194.10": 1.0, "185.66.194.8": 1.0, "2a03:2260:a:b::3": 0.8333333333333334}, "6h": {"185.66.194.10": 1.0, "185.66.194.8": 1.0, "2a03:2260:a:b::3": 0.8333333333333334}}, "2a03:2260:a:b::3": {"1h": {"185.66.194.10": 1.0, "185.66.194.8": 1.0, "2a03:2260:a:b::3": 0.8333333333333334}, "6h": {"185.66.194.10": 1.0, "185.66.194.8": 1.0, "2a03:2260:a:b::3": 0.8333333333333334}}}