{"10.144.0.13": {"1h": {"10.144.0.13": 0.8333333333333334, "fddf:bf7:80::a38:4": 1.0, "fddf:bf7:80::a38:13": 1.0}, "6h": {"10.144.0.13": 0.8333333333333334, "fddf:bf7:80::a38:4": 1.0, "fddf:bf7:80::a38:13": 1.0}}, "10.144.0.12": {"6h": {"10.144.0.13": 0.8333333333333334, "fddf:bf7:80::a38:4": 1.0, "fddf:bf7:80::a38:13": 1.0}}, "fddf:bf7:80::a38:4": {"1h": {"10.144.0.13": 0.8333333333333334, "fddf:bf7:80::a38:4": 1.0, "fddf:bf7:80::a38:13": 1.0}, "6h": {"10.144.0.13": 0.8333333333333334, "fddf:bf7:80::a38:4": 1.0, "fddf:bf7:80::a38:13": 1.0}}, "fddf:bf7:80::a38:13": {"1h": {"10.144.0.13": 0.8333333333333334, "fddf:bf7:80::a38:4": 1.0, "fddf:bf7:80::a38:13": 1.0}, "6h": {"10.144.0.13": 0.8333333333333334, "fddf:bf7:80::a38:4": 1.0, "fddf:bf7:80::a38:13": 1.0}}, "fddf:bf7:80::a38:12": {"6h": {"10.144.0.13": 0.8333333333333334, "fddf:bf7:80::a38:4": 1.0, "fddf:bf7:80::a38:13": 1.0}}}