{"178.21.120.66": {"1h": {"178.21.120.66": 1.0, "178.21.120.86": 0.8333333333333334}, "6h": {"178.21.120.66": 1.0, "178.21.120.86": 0.8333333333333334}}, "178.21.120.86": {"1h": {"178.21.120.66": 1.0, "178.21.120.86": 0.8333333333333334}, "6h": {"178.21.120.66": 1.0, "178.21.120.86": 0.8333333333333334}}}