{"206.248.154.170": {"1h": {"206.248.154.170": 0.8571428571428571, "206.248.154.22": 1.0}, "6h": {"206.248.154.170": 0.8571428571428571, "206.248.154.22": 1.0}}, "206.248.154.22": {"1h": {"206.248.154.170": 0.8571428571428571, "206.248.154.22": 1.0}, "6h": {"206.248.154.170": 0.8571428571428571, "206.248.154.22": 1.0}}}