{"193.34.28.241": {"1h": {"193.34.28.241": 0.6666666666666666, "193.34.29.241": 1.0}, "6h": {"193.34.28.241": 0.6666666666666666, "193.34.29.241": 1.0}}, "193.34.29.241": {"1h": {"193.34.28.241": 0.6666666666666666, "193.34.29.241": 1.0}, "6h": {"193.34.28.241": 0.6666666666666666, "193.34.29.241": 1.0}}}