{"200.88.127.22": {"1h": {"200.88.127.22": 0.6666666666666666, "196.3.81.5": 1.0}, "6h": {"200.88.127.22": 0.6666666666666666, "196.3.81.5": 1.0}}, "196.3.81.5": {"1h": {"200.88.127.22": 0.6666666666666666, "196.3.81.5": 1.0}, "6h": {"200.88.127.22": 0.6666666666666666, "196.3.81.5": 1.0}}}