{"31.170.8.254": {"1h": {"31.170.8.254": 0.5714285714285714, "2a01:9500::254": 1.0}, "6h": {"31.170.8.254": 0.5714285714285714, "2a01:9500::254": 1.0}}, "2a01:9500::254": {"1h": {"31.170.8.254": 0.5714285714285714, "2a01:9500::254": 1.0}, "6h": {"31.170.8.254": 0.5714285714285714, "2a01:9500::254": 1.0}}}