{"fda5:182b:9fd2::1": {"1h": {"fda5:182b:9fd2::1": 0.7142857142857143, "10.27.248.1": 0.8571428571428571}, "6h": {"fda5:182b:9fd2::1": 0.7142857142857143, "10.27.248.1": 0.8571428571428571}}, "10.27.248.1": {"1h": {"fda5:182b:9fd2::1": 0.7142857142857143, "10.27.248.1": 0.8571428571428571}, "6h": {"fda5:182b:9fd2::1": 0.7142857142857143, "10.27.248.1": 0.8571428571428571}}}