{"192.168.0.1": {"1h": {"192.168.0.1": 1.0, "2001:730:3ec2::10": 1.0, "192.168.0.2": 0.3333333333333333}, "6h": {"192.168.0.1": 1.0, "2001:730:3ec2::10": 1.0, "192.168.0.2": 0.3333333333333333}}, "2001:730:3ec2::10": {"1h": {"192.168.0.1": 1.0, "2001:730:3ec2::10": 1.0, "192.168.0.2": 0.3333333333333333}, "6h": {"192.168.0.1": 1.0, "2001:730:3ec2::10": 1.0, "192.168.0.2": 0.3333333333333333}}, "192.168.0.2": {"1h": {"192.168.0.1": 1.0, "2001:730:3ec2::10": 1.0, "192.168.0.2": 0.3333333333333333}, "6h": {"192.168.0.1": 1.0, "2001:730:3ec2::10": 1.0, "192.168.0.2": 0.3333333333333333}}}