{"92.43.137.17": {"1h": {"92.43.137.17": 1.0, "92.43.138.17": 0.8571428571428571}, "6h": {"92.43.137.17": 1.0, "92.43.138.17": 0.8571428571428571}}, "92.43.138.17": {"1h": {"92.43.137.17": 1.0, "92.43.138.17": 0.8571428571428571}, "6h": {"92.43.137.17": 1.0, "92.43.138.17": 0.8571428571428571}}}