{"194.116.72.165": {"1h": {"194.116.72.165": 0.5714285714285714, "8.8.8.8": 1.0}, "6h": {"194.116.72.165": 0.5714285714285714, "8.8.8.8": 1.0}}, "8.8.8.8": {"1h": {"194.116.72.165": 0.5714285714285714, "8.8.8.8": 1.0}, "6h": {"194.116.72.165": 0.5714285714285714, "8.8.8.8": 1.0}}}