{"192.168.100.1": {"1h": {"192.168.100.1": 0.8333333333333334}, "6h": {"192.168.100.1": 0.8333333333333334}}}