{"192.168.2.1": {"1h": {"192.168.2.1": 0.8571428571428571, "fd00::3a10:d5ff:feaf:dfa": 1.0}, "6h": {"192.168.2.1": 0.8571428571428571, "fd00::3a10:d5ff:feaf:dfa": 1.0}}, "fd00::3a10:d5ff:feaf:dfa": {"1h": {"192.168.2.1": 0.8571428571428571, "fd00::3a10:d5ff:feaf:dfa": 1.0}, "6h": {"192.168.2.1": 0.8571428571428571, "fd00::3a10:d5ff:feaf:dfa": 1.0}}}