{"fe80::ea94:f6ff:fead:f9a0": {"1h": {"fe80::ea94:f6ff:fead:f9a0": 0.0, "192.168.1.1": 0.7142857142857143}, "6h": {"fe80::ea94:f6ff:fead:f9a0": 0.0, "192.168.1.1": 0.7142857142857143}}, "192.168.1.1": {"1h": {"fe80::ea94:f6ff:fead:f9a0": 0.0, "192.168.1.1": 0.7142857142857143}, "6h": {"fe80::ea94:f6ff:fead:f9a0": 0.0, "192.168.1.1": 0.7142857142857143}}}