{"2001:4600:4:fff::53": {"1h": {"2001:4600:4:fff::53": 1.0, "130.67.15.198": 0.8571428571428571, "193.213.112.4": 1.0}, "6h": {"2001:4600:4:fff::53": 1.0, "130.67.15.198": 0.8571428571428571, "193.213.112.4": 1.0}}, "130.67.15.198": {"1h": {"2001:4600:4:fff::53": 1.0, "130.67.15.198": 0.8571428571428571, "193.213.112.4": 1.0}, "6h": {"2001:4600:4:fff::53": 1.0, "130.67.15.198": 0.8571428571428571, "193.213.112.4": 1.0}}, "193.213.112.4": {"1h": {"2001:4600:4:fff::53": 1.0, "130.67.15.198": 0.8571428571428571, "193.213.112.4": 1.0}, "6h": {"2001:4600:4:fff::53": 1.0, "130.67.15.198": 0.8571428571428571, "193.213.112.4": 1.0}}}