{"2a01:cb00:a05:9a00::1": {"1h": {"2a01:cb00:a05:9a00::1": 1.0, "192.168.1.1": 0.8571428571428571}, "6h": {"2a01:cb00:a05:9a00::1": 1.0, "192.168.1.1": 0.8571428571428571}}, "192.168.1.1": {"1h": {"2a01:cb00:a05:9a00::1": 1.0, "192.168.1.1": 0.8571428571428571}, "6h": {"2a01:cb00:a05:9a00::1": 1.0, "192.168.1.1": 0.8571428571428571}}}