{"80.90.80.90": {"1h": {"80.90.80.90": 0.8571428571428571, "2a03:2de0:1::2": 1.0, "80.90.80.91": 1.0}, "6h": {"80.90.80.90": 0.8571428571428571, "2a03:2de0:1::2": 1.0, "80.90.80.91": 1.0}}, "2a03:2de0:1::2": {"1h": {"80.90.80.90": 0.8571428571428571, "2a03:2de0:1::2": 1.0, "80.90.80.91": 1.0}, "6h": {"80.90.80.90": 0.8571428571428571, "2a03:2de0:1::2": 1.0, "80.90.80.91": 1.0}}, "80.90.80.91": {"1h": {"80.90.80.90": 0.8571428571428571, "2a03:2de0:1::2": 1.0, "80.90.80.91": 1.0}, "6h": {"80.90.80.90": 0.8571428571428571, "2a03:2de0:1::2": 1.0, "80.90.80.91": 1.0}}}