{"fd16:c8aa:a3d2::1": {"1h": {"fd16:c8aa:a3d2::1": 0.8333333333333334, "192.168.1.1": 0.8333333333333334}, "6h": {"fd16:c8aa:a3d2::1": 0.8333333333333334, "192.168.1.1": 0.8333333333333334}}, "192.168.1.1": {"1h": {"fd16:c8aa:a3d2::1": 0.8333333333333334, "192.168.1.1": 0.8333333333333334}, "6h": {"fd16:c8aa:a3d2::1": 0.8333333333333334, "192.168.1.1": 0.8333333333333334}}}