{"2601:44:8801:a239:22aa:4bff:fe8b:f74a": {"1h": {"2601:44:8801:a239:22aa:4bff:fe8b:f74a": 1.0, "8.8.8.8": 0.7777777777777778, "75.75.75.75": 1.0}, "6h": {"2601:44:8801:a239:22aa:4bff:fe8b:f74a": 1.0, "8.8.8.8": 0.7777777777777778, "75.75.75.75": 1.0}}, "8.8.8.8": {"1h": {"2601:44:8801:a239:22aa:4bff:fe8b:f74a": 1.0, "8.8.8.8": 0.7777777777777778, "75.75.75.75": 1.0}, "6h": {"2601:44:8801:a239:22aa:4bff:fe8b:f74a": 1.0, "8.8.8.8": 0.7777777777777778, "75.75.75.75": 1.0}}, "75.75.75.75": {"1h": {"2601:44:8801:a239:22aa:4bff:fe8b:f74a": 1.0, "8.8.8.8": 0.7777777777777778, "75.75.75.75": 1.0}, "6h": {"2601:44:8801:a239:22aa:4bff:fe8b:f74a": 1.0, "8.8.8.8": 0.7777777777777778, "75.75.75.75": 1.0}}}