{"2620:0:ccc::2": {"1h": {"2620:0:ccc::2": 1.0, "208.67.222.222": 1.0, "194.150.168.168": 1.0, "2001:4ce8::53": 0.7142857142857143}, "6h": {"2620:0:ccc::2": 1.0, "208.67.222.222": 1.0, "194.150.168.168": 1.0, "2001:4ce8::53": 0.7142857142857143}}, "208.67.222.222": {"1h": {"2620:0:ccc::2": 1.0, "208.67.222.222": 1.0, "194.150.168.168": 1.0, "2001:4ce8::53": 0.7142857142857143}, "6h": {"2620:0:ccc::2": 1.0, "208.67.222.222": 1.0, "194.150.168.168": 1.0, "2001:4ce8::53": 0.7142857142857143}}, "194.150.168.168": {"1h": {"2620:0:ccc::2": 1.0, "208.67.222.222": 1.0, "194.150.168.168": 1.0, "2001:4ce8::53": 0.7142857142857143}, "6h": {"2620:0:ccc::2": 1.0, "208.67.222.222": 1.0, "194.150.168.168": 1.0, "2001:4ce8::53": 0.7142857142857143}}, "2001:4ce8::53": {"1h": {"2620:0:ccc::2": 1.0, "208.67.222.222": 1.0, "194.150.168.168": 1.0, "2001:4ce8::53": 0.7142857142857143}, "6h": {"2620:0:ccc::2": 1.0, "208.67.222.222": 1.0, "194.150.168.168": 1.0, "2001:4ce8::53": 0.7142857142857143}}}