{"193.95.66.11": {"1h": {"193.95.66.11": 0.0, "196.203.249.241": 0.0, "2001:4860:4860::8888": 0.5714285714285714}, "6h": {"193.95.66.11": 0.0, "196.203.249.241": 0.0, "2001:4860:4860::8888": 0.5714285714285714}}, "196.203.249.241": {"1h": {"193.95.66.11": 0.0, "196.203.249.241": 0.0, "2001:4860:4860::8888": 0.5714285714285714}, "6h": {"193.95.66.11": 0.0, "196.203.249.241": 0.0, "2001:4860:4860::8888": 0.5714285714285714}}, "2001:4860:4860::8888": {"1h": {"193.95.66.11": 0.0, "196.203.249.241": 0.0, "2001:4860:4860::8888": 0.5714285714285714}, "6h": {"193.95.66.11": 0.0, "196.203.249.241": 0.0, "2001:4860:4860::8888": 0.5714285714285714}}}