{"77.109.100.98": {"1h": {"77.109.100.98": 1.0, "2a02:578:4701::2": 0.8333333333333334}, "6h": {"77.109.100.98": 1.0, "2a02:578:4701::2": 0.8333333333333334}}, "2a02:578:4701::2": {"1h": {"77.109.100.98": 1.0, "2a02:578:4701::2": 0.8333333333333334}, "6h": {"77.109.100.98": 1.0, "2a02:578:4701::2": 0.8333333333333334}}}