{"2a01:e00::1": {"1h": {"2a01:e00::1": 1.0, "2a01:e00::2": 1.0, "192.168.0.254": 0.8888888888888888}, "6h": {"2a01:e00::1": 1.0, "2a01:e00::2": 1.0, "192.168.0.254": 0.8888888888888888}}, "2a01:e00::2": {"1h": {"2a01:e00::1": 1.0, "2a01:e00::2": 1.0, "192.168.0.254": 0.8888888888888888}, "6h": {"2a01:e00::1": 1.0, "2a01:e00::2": 1.0, "192.168.0.254": 0.8888888888888888}}, "192.168.0.254": {"1h": {"2a01:e00::1": 1.0, "2a01:e00::2": 1.0, "192.168.0.254": 0.8888888888888888}, "6h": {"2a01:e00::1": 1.0, "2a01:e00::2": 1.0, "192.168.0.254": 0.8888888888888888}}}