{"2a01:488::": {"1h": {"2a01:488::": 0.8333333333333334, "80.237.128.144": 1.0}, "6h": {"2a01:488::": 0.8333333333333334, "80.237.128.144": 1.0}}, "80.237.128.144": {"1h": {"2a01:488::": 0.8333333333333334, "80.237.128.144": 1.0}, "6h": {"2a01:488::": 0.8333333333333334, "80.237.128.144": 1.0}}}