{"212.218.0.3": {"1h": {"212.218.0.3": 1.0, "212.218.212.3": 0.7142857142857143}, "6h": {"212.218.0.3": 1.0, "212.218.212.3": 0.7142857142857143}}, "212.218.212.3": {"1h": {"212.218.0.3": 1.0, "212.218.212.3": 0.7142857142857143}, "6h": {"212.218.0.3": 1.0, "212.218.212.3": 0.7142857142857143}}}