{"193.22.119.22": {"1h": {"193.22.119.22": 0.8333333333333334, "193.22.119.195": 0.8333333333333334}, "6h": {"193.22.119.22": 0.8333333333333334, "193.22.119.195": 0.8333333333333334}}, "193.22.119.195": {"1h": {"193.22.119.22": 0.8333333333333334, "193.22.119.195": 0.8333333333333334}, "6h": {"193.22.119.22": 0.8333333333333334, "193.22.119.195": 0.8333333333333334}}}