{"133.11.124.164": {"1h": {"133.11.124.164": 0.8333333333333334, "203.178.135.2": 1.0, "203.178.136.36": 1.0}, "6h": {"133.11.124.164": 0.8333333333333334, "203.178.135.2": 1.0, "203.178.136.36": 1.0}}, "203.178.135.2": {"1h": {"133.11.124.164": 0.8333333333333334, "203.178.135.2": 1.0, "203.178.136.36": 1.0}, "6h": {"133.11.124.164": 0.8333333333333334, "203.178.135.2": 1.0, "203.178.136.36": 1.0}}, "203.178.136.36": {"1h": {"133.11.124.164": 0.8333333333333334, "203.178.135.2": 1.0, "203.178.136.36": 1.0}, "6h": {"133.11.124.164": 0.8333333333333334, "203.178.135.2": 1.0, "203.178.136.36": 1.0}}}