{"154.126.201.2": {"1h": {"154.126.201.2": 1.0, "154.126.201.10": 0.8571428571428571}, "6h": {"154.126.201.2": 1.0, "154.126.201.10": 0.8571428571428571}}, "154.126.201.10": {"1h": {"154.126.201.2": 1.0, "154.126.201.10": 0.8571428571428571}, "6h": {"154.126.201.2": 1.0, "154.126.201.10": 0.8571428571428571}}}