{"212.29.32.160": {"1h": {"212.29.32.160": 0.4444444444444444, "85.22.54.60": 0.5555555555555556, "2a03:f580:2:0:85:22:54:60": 0.4444444444444444}, "6h": {"212.29.32.160": 0.4444444444444444, "85.22.54.60": 0.5555555555555556, "2a03:f580:2:0:85:22:54:60": 0.4444444444444444}}, "85.22.54.60": {"1h": {"212.29.32.160": 0.4444444444444444, "85.22.54.60": 0.5555555555555556, "2a03:f580:2:0:85:22:54:60": 0.4444444444444444}, "6h": {"212.29.32.160": 0.4444444444444444, "85.22.54.60": 0.5555555555555556, "2a03:f580:2:0:85:22:54:60": 0.4444444444444444}}, "2a03:f580:2:0:85:22:54:60": {"1h": {"212.29.32.160": 0.4444444444444444, "85.22.54.60": 0.5555555555555556, "2a03:f580:2:0:85:22:54:60": 0.4444444444444444}, "6h": {"212.29.32.160": 0.4444444444444444, "85.22.54.60": 0.5555555555555556, "2a03:f580:2:0:85:22:54:60": 0.4444444444444444}}}