{"fe80::2e39:96ff:fe3a:4d0e": {"1h": {"fe80::2e39:96ff:fe3a:4d0e": 0.0, "192.168.1.1": 0.8333333333333334}, "6h": {"fe80::2e39:96ff:fe3a:4d0e": 0.0, "192.168.1.1": 0.8333333333333334}}, "192.168.1.1": {"1h": {"fe80::2e39:96ff:fe3a:4d0e": 0.0, "192.168.1.1": 0.8333333333333334}, "6h": {"fe80::2e39:96ff:fe3a:4d0e": 0.0, "192.168.1.1": 0.8333333333333334}}}