{"10.0.1.1": {"1h": {"10.0.1.1": 0.8333333333333334}, "6h": {"10.0.1.1": 0.8333333333333334}}}