{"127.0.0.1": {"1h": {"127.0.0.1": 1.0, "2620:74:1b::1:1": 0.8571428571428571, "8.8.8.8": 1.0}, "6h": {"127.0.0.1": 1.0, "2620:74:1b::1:1": 0.8571428571428571, "8.8.8.8": 1.0}}, "2620:74:1b::1:1": {"1h": {"127.0.0.1": 1.0, "2620:74:1b::1:1": 0.8571428571428571, "8.8.8.8": 1.0}, "6h": {"127.0.0.1": 1.0, "2620:74:1b::1:1": 0.8571428571428571, "8.8.8.8": 1.0}}, "8.8.8.8": {"1h": {"127.0.0.1": 1.0, "2620:74:1b::1:1": 0.8571428571428571, "8.8.8.8": 1.0}, "6h": {"127.0.0.1": 1.0, "2620:74:1b::1:1": 0.8571428571428571, "8.8.8.8": 1.0}}}