{"fe80::3e81:d8ff:fed8:7a10": {"1h": {"fe80::3e81:d8ff:fed8:7a10": 0.0, "192.168.1.1": 0.8333333333333334}, "6h": {"fe80::3e81:d8ff:fed8:7a10": 0.0, "192.168.1.1": 0.8333333333333334}}, "192.168.1.1": {"1h": {"fe80::3e81:d8ff:fed8:7a10": 0.0, "192.168.1.1": 0.8333333333333334}, "6h": {"fe80::3e81:d8ff:fed8:7a10": 0.0, "192.168.1.1": 0.8333333333333334}}}