{"2001:558:feed::2": {"1h": {"2001:558:feed::2": 1.0, "2001:558:feed::1": 1.0, "75.75.75.75": 0.8333333333333334}, "6h": {"2001:558:feed::2": 1.0, "2001:558:feed::1": 1.0, "75.75.75.75": 0.8333333333333334}}, "2001:558:feed::1": {"1h": {"2001:558:feed::2": 1.0, "2001:558:feed::1": 1.0, "75.75.75.75": 0.8333333333333334}, "6h": {"2001:558:feed::2": 1.0, "2001:558:feed::1": 1.0, "75.75.75.75": 0.8333333333333334}}, "75.75.75.75": {"1h": {"2001:558:feed::2": 1.0, "2001:558:feed::1": 1.0, "75.75.75.75": 0.8333333333333334}, "6h": {"2001:558:feed::2": 1.0, "2001:558:feed::1": 1.0, "75.75.75.75": 0.8333333333333334}}}