{"192.168.2.1": {"1h": {"192.168.2.1": 0.8333333333333334, "fe80::a21b:29ff:fef3:b576": 0.0}, "6h": {"192.168.2.1": 0.8333333333333334, "fe80::a21b:29ff:fef3:b576": 0.0}}, "fe80::a21b:29ff:fef3:b576": {"1h": {"192.168.2.1": 0.8333333333333334, "fe80::a21b:29ff:fef3:b576": 0.0}, "6h": {"192.168.2.1": 0.8333333333333334, "fe80::a21b:29ff:fef3:b576": 0.0}}}