{"192.168.88.1": {"1h": {"192.168.88.1": 1.0, "2001:4860:4860::8844": 0.8571428571428571, "2001:4860:4860::8888": 0.8571428571428571}, "6h": {"192.168.88.1": 1.0, "2001:4860:4860::8844": 0.8571428571428571, "2001:4860:4860::8888": 0.8571428571428571}}, "2001:4860:4860::8844": {"1h": {"192.168.88.1": 1.0, "2001:4860:4860::8844": 0.8571428571428571, "2001:4860:4860::8888": 0.8571428571428571}, "6h": {"192.168.88.1": 1.0, "2001:4860:4860::8844": 0.8571428571428571, "2001:4860:4860::8888": 0.8571428571428571}}, "2001:4860:4860::8888": {"1h": {"192.168.88.1": 1.0, "2001:4860:4860::8844": 0.8571428571428571, "2001:4860:4860::8888": 0.8571428571428571}, "6h": {"192.168.88.1": 1.0, "2001:4860:4860::8844": 0.8571428571428571, "2001:4860:4860::8888": 0.8571428571428571}}}