{"8.8.8.8": {"1h": {"8.8.8.8": 0.8333333333333334, "192.168.1.33": 0.0}, "6h": {"8.8.8.8": 0.8333333333333334, "192.168.1.33": 0.0}}, "192.168.1.33": {"1h": {"8.8.8.8": 0.8333333333333334, "192.168.1.33": 0.0}, "6h": {"8.8.8.8": 0.8333333333333334, "192.168.1.33": 0.0}}}