{"192.168.120.242": {"1h": {"192.168.120.242": 1.0, "192.168.120.4": 0.0, "192.168.120.241": 0.8571428571428571}, "6h": {"192.168.120.242": 1.0, "192.168.120.4": 0.0, "192.168.120.241": 0.8571428571428571}}, "192.168.120.4": {"1h": {"192.168.120.242": 1.0, "192.168.120.4": 0.0, "192.168.120.241": 0.8571428571428571}, "6h": {"192.168.120.242": 1.0, "192.168.120.4": 0.0, "192.168.120.241": 0.8571428571428571}}, "192.168.120.241": {"1h": {"192.168.120.242": 1.0, "192.168.120.4": 0.0, "192.168.120.241": 0.8571428571428571}, "6h": {"192.168.120.242": 1.0, "192.168.120.4": 0.0, "192.168.120.241": 0.8571428571428571}}}