{"192.168.0.1": {"1h": {"192.168.0.1": 0.8571428571428571}, "6h": {"192.168.0.1": 0.8571428571428571}}}