{"203.144.206.49": {"1h": {"203.144.206.49": 1.0, "192.168.10.1": 1.0, "203.144.206.29": 0.3333333333333333}, "6h": {"203.144.206.49": 1.0, "192.168.10.1": 1.0, "203.144.206.29": 0.3333333333333333}}, "192.168.10.1": {"1h": {"203.144.206.49": 1.0, "192.168.10.1": 1.0, "203.144.206.29": 0.3333333333333333}, "6h": {"203.144.206.49": 1.0, "192.168.10.1": 1.0, "203.144.206.29": 0.3333333333333333}}, "203.144.206.29": {"1h": {"203.144.206.49": 1.0, "192.168.10.1": 1.0, "203.144.206.29": 0.3333333333333333}, "6h": {"203.144.206.49": 1.0, "192.168.10.1": 1.0, "203.144.206.29": 0.3333333333333333}}}