{"2001:4664:9ffe::1": {"1h": {"2001:4664:9ffe::1": 0.8333333333333334, "192.168.1.1": 1.0}, "6h": {"2001:4664:9ffe::1": 0.8333333333333334, "192.168.1.1": 1.0}}, "192.168.1.1": {"1h": {"2001:4664:9ffe::1": 0.8333333333333334, "192.168.1.1": 1.0}, "6h": {"2001:4664:9ffe::1": 0.8333333333333334, "192.168.1.1": 1.0}}}