{"62.101.93.101": {"1h": {"62.101.93.101": 0.8333333333333334, "192.168.1.254": 1.0, "83.103.25.250": 1.0}, "6h": {"62.101.93.101": 0.8333333333333334, "192.168.1.254": 1.0, "83.103.25.250": 1.0}}, "192.168.1.254": {"1h": {"62.101.93.101": 0.8333333333333334, "192.168.1.254": 1.0, "83.103.25.250": 1.0}, "6h": {"62.101.93.101": 0.8333333333333334, "192.168.1.254": 1.0, "83.103.25.250": 1.0}}, "83.103.25.250": {"1h": {"62.101.93.101": 0.8333333333333334, "192.168.1.254": 1.0, "83.103.25.250": 1.0}, "6h": {"62.101.93.101": 0.8333333333333334, "192.168.1.254": 1.0, "83.103.25.250": 1.0}}}