{"192.168.1.1": {"1h": {"192.168.1.1": 0.8888888888888888}, "6h": {"192.168.1.1": 0.8888888888888888}}}