{"157.158.0.5": {"1h": {"157.158.0.5": 0.8888888888888888, "157.158.0.6": 1.0, "157.158.0.4": 1.0}, "6h": {"157.158.0.5": 0.8888888888888888, "157.158.0.6": 1.0, "157.158.0.4": 1.0}}, "157.158.0.6": {"1h": {"157.158.0.5": 0.8888888888888888, "157.158.0.6": 1.0, "157.158.0.4": 1.0}, "6h": {"157.158.0.5": 0.8888888888888888, "157.158.0.6": 1.0, "157.158.0.4": 1.0}}, "157.158.0.4": {"1h": {"157.158.0.5": 0.8888888888888888, "157.158.0.6": 1.0, "157.158.0.4": 1.0}, "6h": {"157.158.0.5": 0.8888888888888888, "157.158.0.6": 1.0, "157.158.0.4": 1.0}}}