{"2001:bc8:2832:9::106": {"1h": {"2001:bc8:2832:9::106": 0.5714285714285714, "2001:bc8:2832:9::14": 0.5714285714285714, "10.0.0.106": 0.5714285714285714}, "6h": {"2001:bc8:2832:9::106": 0.5714285714285714, "2001:bc8:2832:9::14": 0.5714285714285714, "10.0.0.106": 0.5714285714285714}}, "2001:bc8:2832:9::14": {"1h": {"2001:bc8:2832:9::106": 0.5714285714285714, "2001:bc8:2832:9::14": 0.5714285714285714, "10.0.0.106": 0.5714285714285714}, "6h": {"2001:bc8:2832:9::106": 0.5714285714285714, "2001:bc8:2832:9::14": 0.5714285714285714, "10.0.0.106": 0.5714285714285714}}, "10.0.0.106": {"1h": {"2001:bc8:2832:9::106": 0.5714285714285714, "2001:bc8:2832:9::14": 0.5714285714285714, "10.0.0.106": 0.5714285714285714}, "6h": {"2001:bc8:2832:9::106": 0.5714285714285714, "2001:bc8:2832:9::14": 0.5714285714285714, "10.0.0.106": 0.5714285714285714}}}