{"192.168.178.1": {"1h": {"192.168.178.1": 1.0, "fd00::9ec7:a6ff:fef0:3e48": 0.8571428571428571}, "6h": {"192.168.178.1": 1.0, "fd00::9ec7:a6ff:fef0:3e48": 0.8571428571428571}}, "fd00::9ec7:a6ff:fef0:3e48": {"1h": {"192.168.178.1": 1.0, "fd00::9ec7:a6ff:fef0:3e48": 0.8571428571428571}, "6h": {"192.168.178.1": 1.0, "fd00::9ec7:a6ff:fef0:3e48": 0.8571428571428571}}}